Workbook

Sheet RawData
A1: Raw Data
C3: Date | D3: Product | E3: Price | F3: Customer Type | H3: Day 2 | J3: Date | K3: Product | L3: Price | M3: Customer Type
A4: Day 1 | C4: 46067 | D4: Egg Tart | E4: 250 | F4: Adult | H4: Banana Loaf - 140 | J4: 46068 | K4: Egg Tart | L4: 240 | M4: Adult
A5: Banana Loaf 150 | C5: 46067 | D5: Banana Loaf | E5: 150 | F5: Student | H5: Tulip Cake - 250 | J5: 46068 | K5: Banana Loaf | L5: 150 | M5: Adult
A6: Tulip Cake 250 | C6: 46067 | D6: Tulip Cake | E6: 250 | F6: Adult | H6: Mini Cupcake - 120 | J6: 46068 | K6: Brownies | L6: 130 | M6: Adult
A7: Mini Cupcake 130 | C7: 46067 | D7: Mini Cupcake | E7: 130 | F7: Adult | H7: Cupcake - 60 | J7: 46068 | K7: Egg Tart | L7: 240 | M7: Adult
A8: Cupcake 90 | C8: 46067 | D8: Brownies | E8: 150 | F8: Adult | H8: Brownies - 140 | J8: 46068 | K8: Egg Tart | L8: 240 | M8: Adult
A9: Brownies 150 | C9: 46067 | D9: Banana Loaf | E9: 150 | F9: Adult | H9: Egg Tart - 240 | J9: 46068 | K9: Banana Loaf | L9: 140 | M9: Adult
A10: Egg Tart 250 | C10: 46067 | D10: Egg Tart | E10: 250 | F10: Adult | H10: Juice - 50 | J10: 46068 | K10: Egg Tart | L10: 240 | M10: Adult
A11: Juice 50 | C11: 46067 | D11: Egg Tart | E11: 250 | F11: Adult | J11: 46068 | K11: Egg Tart | L11: 240 | M11: Adult
C12: 46067 | D12: Egg Tart | E12: 250 | F12: Adult | H12: Total | J12: 46068 | K12: Egg Tart | L12: 240 | M12: Adult
A13: Total | C13: 46067 | D13: Egg Tart | E13: 250 | F13: Adult | H13: =SUM(L3:L43) -> 2100 | J13: 46068 | K13: Egg Tart | L13: 240 | M13: Adult
A14: =SUM(E4:E44) -> 3850 | C14: 46067 | D14: Banana Loaf | E14: 150 | F14: Adult
C15: 46067 | D15: Mini Cupcake | E15: 130 | F15: Adult
C16: 46067 | D16: Banana Loaf | E16: 150 | F16: Adult
A17: TOTAL SALES (ALL-IN-ALL) | C17: 46067 | D17: Banana Loaf | E17: 150 | F17: Student
A18: =SUM(A14,H13) -> 5950 | C18: 46067 | D18: Brownies | E18: 150 | F18: Adult
C19: 46067 | D19: Egg Tart | E19: 250 | F19: Adult
C20: 46067 | D20: Banana Loaf | E20: 150 | F20: Adult
C21: 46067 | D21: Banana Loaf | E21: 150 | F21: Adult
C22: 46067 | D22: Cupcake | E22: 90 | F22: Adult
C23: 46067 | D23: Banana Loaf | E23: 150 | F23: Adult
C24: 46067 | D24: Egg Tart | E24: 250 | F24: Adult

Sheet Charts
B2: Product | C2: Quantity Sold | E2: Customer Type | F2: Quantity | I2: Product | J2: Quantity Sold | L2: Customer Type | M2: Quantity
A3: 13 | B3: Banana Loaf | C3: =COUNTIF('RawData'!D:D,"Banana Loaf") -> 8 | E3: Child | F3: =COUNTIF('RawData'!F:F,"Child") -> 0 | H3: 5 | I3: Banana Loaf | J3: =COUNTIF('RawData'!K:K,"Banana Loaf") -> 2 | L3: Child | M3: =COUNTIF('RawData'!M:M,"Child") -> 0
A4: 12 | B4: Cupcake | C4: =COUNTIF('RawData'!D:D,"Cupcake") -> 1 | E4: Student | F4: =COUNTIF('RawData'!F:F,"Student") -> 2 | H4: 10 | I4: Cupcake | J4: =COUNTIF('RawData'!K:K,"Cupcake") -> 0 | L4: Student | M4: =COUNTIF('RawData'!M:M,"Student") -> 0
A5: 2 | B5: Tulip Cake | C5: =COUNTIF('RawData'!D:D,"Tulip Cake") -> 1 | E5: Teenager | F5: =COUNTIF('RawData'!F:F,"Teenager") -> 0 | H5: 0 | I5: Tulip Cake | J5: =COUNTIF('RawData'!K:K,"Tulip Cake") -> 0 | L5: Teenager | M5: =COUNTIF('RawData'!M:M,"Teenager") -> 0
A6: 4 | B6: Mini Cupcake | C6: =COUNTIF('RawData'!D:D,"Mini Cupcake") -> 2 | E6: Adult | F6: =COUNTIF('RawData'!F:F,"Adult") -> 19 | H6: 2 | I6: Mini Cupcake | J6: =COUNTIF('RawData'!K:K,"Mini Cupcake") -> 0 | L6: Adult | M6: =COUNTIF('RawData'!M:M,"Adult") -> 10
A7: 7 | B7: Brownies | C7: =COUNTIF('RawData'!D:D,"Brownies") -> 2 | E7: Elderly | F7: =COUNTIF('RawData'!F:F,"Elderly") -> 0 | H7: 5 | I7: Brownies | J7: =COUNTIF('RawData'!K:K,"Brownies") -> 1 | L7: Elderly | M7: =COUNTIF('RawData'!M:M,"Elderly") -> 0
A8: 13 | B8: Egg Tart | C8: =COUNTIF('RawData'!D:D,"Egg Tart") -> 7 | H8: 13 | I8: Egg Tart | J8: =COUNTIF('RawData'!K:K,"Egg Tart") -> 7
B9: Juice | C9: =COUNTIF('RawData'!D:D,"Juice") -> 0 | I9: Juice | J9: =COUNTIF('RawData'!K:K,"Juice") -> 0
