Workbook

Sheet Final Report
A1: Bazaar Sales Analysis Dashboard (February 14–15, 2026)

Sheet CleanData
B2: Date | C2: Product | D2: Price | E2: Customer Type | G2: Total Products Sold
B3: 46067 | C3: Egg Tart | D3: 250 | E3: Adult | G3: Products | H3: Sum of Price
B4: 46067 | C4: Banana Loaf | D4: 150 | E4: Student | G4: Banana Loaf | H4: 1490
B5: 46067 | C5: Tulip Cake | D5: 250 | E5: Adult | G5: Brownies | H5: 430
B6: 46067 | C6: Mini Cupcake | D6: 130 | E6: Adult | G6: Cupcake | H6: 90
B7: 46067 | C7: Brownies | D7: 150 | E7: Adult | G7: Egg Tart | H7: 3430
B8: 46067 | C8: Banana Loaf | D8: 150 | E8: Adult | G8: Mini Cupcake | H8: 260
B9: 46067 | C9: Egg Tart | D9: 250 | E9: Adult | G9: Tulip Cake | H9: 250
B10: 46067 | C10: Egg Tart | D10: 250 | E10: Adult | G10: Grand Total | H10: 5950
B11: 46067 | C11: Egg Tart | D11: 250 | E11: Adult
B12: 46067 | C12: Egg Tart | D12: 250 | E12: Adult | G12: Total Sold Per Day
B13: 46067 | C13: Banana Loaf | D13: 150 | E13: Adult | G13: Dates | H13: Sum of Price
B14: 46067 | C14: Mini Cupcake | D14: 130 | E14: Adult | G14: 46067 | H14: 3850
B15: 46067 | C15: Banana Loaf | D15: 150 | E15: Adult | G15: 46068 | H15: 2100
B16: 46067 | C16: Banana Loaf | D16: 150 | E16: Student | G16: Grand Total | H16: 5950
B17: 46067 | C17: Brownies | D17: 150 | E17: Adult
B18: 46067 | C18: Egg Tart | D18: 250 | E18: Adult | G18: Total Sold Per Customer Type
B19: 46067 | C19: Banana Loaf | D19: 150 | E19: Adult | G19: Customer Type | H19: Sum of Price
B20: 46067 | C20: Banana Loaf | D20: 150 | E20: Adult | G20: Adult | H20: 5650
B21: 46067 | C21: Cupcake | D21: 90 | E21: Adult | G21: Student | H21: 300
B22: 46067 | C22: Banana Loaf | D22: 150 | E22: Adult | G22: Grand Total | H22: 5950
B23: 46067 | C23: Egg Tart | D23: 250 | E23: Adult
B24: 46068 | C24: Egg Tart | D24: 240 | E24: Adult
B25: 46068 | C25: Banana Loaf | D25: 150 | E25: Adult
B26: 46068 | C26: Brownies | D26: 130 | E26: Adult
B27: 46068 | C27: Egg Tart | D27: 240 | E27: Adult
B28: 46068 | C28: Egg Tart | D28: 240 | E28: Adult
B29: 46068 | C29: Banana Loaf | D29: 140 | E29: Adult
B30: 46068 | C30: Egg Tart | D30: 240 | E30: Adult
B31: 46068 | C31: Egg Tart | D31: 240 | E31: Adult
B32: 46068 | C32: Egg Tart | D32: 240 | E32: Adult
B33: 46068 | C33: Egg Tart | D33: 240 | E33: Adult

Sheet RawData
A1: Raw Data
C3: Date | D3: Product | E3: Price | F3: Customer Type | H3: Day 2 | J3: Date | K3: Product | L3: Price | M3: Customer Type | P3: Product | Q3: Customer Type
A4: Day 1 | C4: 46067 | D4: Egg Tart | E4: 250 | F4: Adult | H4: Banana Loaf - 140_x000D_ | J4: 46068 | K4: Egg Tart | L4: 240 | M4: Adult | P4: Egg Tart | Q4: Child
A5: Banana Loaf 150 | C5: 46067 | D5: Banana Loaf | E5: 150 | F5: Student | H5: Tulip Cake - 250_x000D_ | J5: 46068 | K5: Banana Loaf | L5: 150 | M5: Adult | P5: Banana Loaf | Q5: Student
A6: Tulip Cake 250 | C6: 46067 | D6: Tulip Cake | E6: 250 | F6: Adult | H6: Mini Cupcake - 120_x000D_ | J6: 46068 | K6: Brownies | L6: 130 | M6: Adult | P6: Tulip Cake | Q6: Teenager
A7: Mini Cupcake 130 | C7: 46067 | D7: Mini Cupcake | E7: 130 | F7: Adult | H7: Cupcake - 60_x000D_ | J7: 46068 | K7: Egg Tart | L7: 240 | M7: Adult | P7: Mini Cupcake | Q7: Adult
A8: Cupcake 90 | C8: 46067 | D8: Brownies | E8: 150 | F8: Adult | H8: Brownies - 140_x000D_ | J8: 46068 | K8: Egg Tart | L8: 240 | M8: Adult | P8: Cupcake | Q8: Elderly
A9: Brownies 150 | C9: 46067 | D9: Banana Loaf | E9: 150 | F9: Adult | H9: Egg Tart - 240_x000D_ | J9: 46068 | K9: Banana Loaf | L9: 140 | M9: Adult | P9: Brownies
A10: Egg Tart 250 | C10: 46067 | D10: Egg Tart | E10: 250 | F10: Adult | H10: Juice - 50_x000D_ | J10: 46068 | K10: Egg Tart | L10: 240 | M10: Adult | P10: Juice
A11: Juice 50 | C11: 46067 | D11: Egg Tart | E11: 250 | F11: Adult | J11: 46068 | K11: Egg Tart | L11: 240 | M11: Adult
C12: 46067 | D12: Egg Tart | E12: 250 | F12: Adult | H12: Total | J12: 46068 | K12: Egg Tart | L12: 240 | M12: Adult
A13: Total | C13: 46067 | D13: Egg Tart | E13: 250 | F13: Adult | H13: =SUM(L3:L13) -> 2100 | J13: 46068 | K13: Egg Tart | L13: 240 | M13: Adult
A14: =SUM(E4:E24) -> 3850 | C14: 46067 | D14: Banana Loaf | E14: 150 | F14: Adult
C15: 46067 | D15: Mini Cupcake | E15: 130 | F15: Adult
C16: 46067 | D16: Banana Loaf | E16: 150 | F16: Adult
A17: TOTAL SALES (ALL-IN-ALL)_x000D_ | C17: 46067 | D17: Banana Loaf | E17: 150 | F17: Student
A18: =SUM(A14,H13) -> 5950 | C18: 46067 | D18: Brownies | E18: 150 | F18: Adult
C19: 46067 | D19: Egg Tart | E19: 250 | F19: Adult
C20: 46067 | D20: Banana Loaf | E20: 150 | F20: Adult
C21: 46067 | D21: Banana Loaf | E21: 150 | F21: Adult
C22: 46067 | D22: Cupcake | E22: 90 | F22: Adult
C23: 46067 | D23: Banana Loaf | E23: 150 | F23: Adult
C24: 46067 | D24: Egg Tart | E24: 250 | F24: Adult
D27: Product | E27: Quantity Sold | G27: Customer Type | H27: Quantity | K27: Product | L27: Quantity Sold | N27: Customer Type | O27: Quantity
C28: 13 | D28: Banana Loaf | E28: =COUNTIF(RawData!D:D,"Banana Loaf") -> 9 | G28: Child | H28: =COUNTIF(RawData!F:F,"Child") -> 0 | J28: 5 | K28: Banana Loaf | L28: =COUNTIF(RawData!K:K,"Banana Loaf") -> 3 | N28: Child | O28: =COUNTIF(RawData!M:M,"Child") -> 0
C29: 12 | D29: Cupcake | E29: =COUNTIF(RawData!D:D,"Cupcake") -> 2 | G29: Student | H29: =COUNTIF(RawData!F:F,"Student") -> 2 | J29: 10 | K29: Cupcake | L29: =COUNTIF(RawData!K:K,"Cupcake") -> 1 | N29: Student | O29: =COUNTIF(RawData!M:M,"Student") -> 0
C30: 2 | D30: Tulip Cake | E30: =COUNTIF(RawData!D:D,"Tulip Cake") -> 2 | G30: Teenager | H30: =COUNTIF(RawData!F:F,"Teenager") -> 0 | J30: 0 | K30: Tulip Cake | L30: =COUNTIF(RawData!K:K,"Tulip Cake") -> 1 | N30: Teenager | O30: =COUNTIF(RawData!M:M,"Teenager") -> 0
C31: 4 | D31: Mini Cupcake | E31: =COUNTIF(RawData!D:D,"Mini Cupcake") -> 3 | G31: Adult | H31: =COUNTIF(RawData!F:F,"Adult") -> 19 | J31: 2 | K31: Mini Cupcake | L31: =COUNTIF(RawData!K:K,"Mini Cupcake") -> 1 | N31: Adult | O31: =COUNTIF(RawData!M:M,"Adult") -> 10
C32: 7 | D32: Brownies | E32: =COUNTIF(RawData!D:D,"Brownies") -> 3 | G32: Elderly | H32: =COUNTIF(RawData!F:F,"Elderly") -> 0 | J32: 5 | K32: Brownies | L32: =COUNTIF(RawData!K:K,"Brownies") -> 2 | N32: Elderly | O32: =COUNTIF(RawData!M:M,"Elderly") -> 0
C33: 13 | D33: Egg Tart | E33: =COUNTIF(RawData!D:D,"Egg Tart") -> 8 | J33: 13 | K33: Egg Tart | L33: =COUNTIF(RawData!K:K,"Egg Tart") -> 8
D34: Juice | E34: =COUNTIF(RawData!D:D,"Juice") -> 1 | K34: Juice | L34: =COUNTIF(RawData!K:K,"Juice") -> 1
